member_casual,rides,avg_min,median_min,p95_min
member,720126,11.408183012417272,8.466666666666667,28.016666666666666
casual,71138,36.45392359451582,21.966666666666665,102.9
